{
  "loss": 0.3256398471011246,
  "accuracy": 0.8793814432989691,
  "f1": 0.8660455034171854
}